Date,cetes91,expcrinf,cambio,VIX,igae,expigae,INPPgen,MEI(-12)_3,INPCagri_N,INPCsene,indcom_FAO,indcom_IMF
1/1/1960,,,,,,,,,,,,
2/1/1960,,,,,,,,,,,,
3/1/1960,,,,,,,,,,,,
4/1/1960,,,,,,,,,,,,
5/1/1960,,,,,,,,,,,,
6/1/1960,,,,,,,,,,,,
7/1/1960,,,,,,,,,,,,
8/1/1960,,,,,,,,,,,,
9/1/1960,,,,,,,,,,,,
10/1/1960,,,,,,,,,,,,
11/1/1960,,,,,,,,,,,,
12/1/1960,,,,,,,,,,,,
1/1/1961,,,,,,,,,,,,
2/1/1961,,,,,,,,,,,,
3/1/1961,,,,,,,,,,,,
4/1/1961,,,,,,,,,,,,
5/1/1961,,,,,,,,,,,,
6/1/1961,,,,,,,,,,,,
7/1/1961,,,,,,,,,,,,
8/1/1961,,,,,,,,,,,,
9/1/1961,,,,,,,,,,,,
10/1/1961,,,,,,,,,,,,
11/1/1961,,,,,,,,,,,,
12/1/1961,,,,,,,,,,,,
1/1/1962,,,,,,,,,,,,
2/1/1962,,,,,,,,,,,,
3/1/1962,,,,,,,,,,,,
4/1/1962,,,,,,,,,,,,
5/1/1962,,,,,,,,,,,,
6/1/1962,,,,,,,,,,,,
7/1/1962,,,,,,,,,,,,
8/1/1962,,,,,,,,,,,,
9/1/1962,,,,,,,,,,,,
10/1/1962,,,,,,,,,,,,
11/1/1962,,,,,,,,,,,,
12/1/1962,,,,,,,,,,,,
1/1/1963,,,,,,,,,,,,
2/1/1963,,,,,,,,,,,,
3/1/1963,,,,,,,,,,,,
4/1/1963,,,,,,,,,,,,
5/1/1963,,,,,,,,,,,,
6/1/1963,,,,,,,,,,,,
7/1/1963,,,,,,,,,,,,
8/1/1963,,,,,,,,,,,,
9/1/1963,,,,,,,,,,,,
10/1/1963,,,,,,,,,,,,
11/1/1963,,,,,,,,,,,,
12/1/1963,,,,,,,,,,,,
1/1/1964,,,,,,,,,,,,
2/1/1964,,,,,,,,,,,,
3/1/1964,,,,,,,,,,,,
4/1/1964,,,,,,,,,,,,
5/1/1964,,,,,,,,,,,,
6/1/1964,,,,,,,,,,,,
7/1/1964,,,,,,,,,,,,
8/1/1964,,,,,,,,,,,,
9/1/1964,,,,,,,,,,,,
10/1/1964,,,,,,,,,,,,
11/1/1964,,,,,,,,,,,,
12/1/1964,,,,,,,,,,,,
1/1/1965,,,,,,,,,,,,
2/1/1965,,,,,,,,,,,,
3/1/1965,,,,,,,,,,,,
4/1/1965,,,,,,,,,,,,
5/1/1965,,,,,,,,,,,,
6/1/1965,,,,,,,,,,,,
7/1/1965,,,,,,,,,,,,
8/1/1965,,,,,,,,,,,,
9/1/1965,,,,,,,,,,,,
10/1/1965,,,,,,,,,,,,
11/1/1965,,,,,,,,,,,,
12/1/1965,,,,,,,,,,,,
1/1/1966,,,,,,,,,,,,
2/1/1966,,,,,,,,,,,,
3/1/1966,,,,,,,,,,,,
4/1/1966,,,,,,,,,,,,
5/1/1966,,,,,,,,,,,,
6/1/1966,,,,,,,,,,,,
7/1/1966,,,,,,,,,,,,
8/1/1966,,,,,,,,,,,,
9/1/1966,,,,,,,,,,,,
10/1/1966,,,,,,,,,,,,
11/1/1966,,,,,,,,,,,,
12/1/1966,,,,,,,,,,,,
1/1/1967,,,,,,,,,,,,
2/1/1967,,,,,,,,,,,,
3/1/1967,,,,,,,,,,,,
4/1/1967,,,,,,,,,,,,
5/1/1967,,,,,,,,,,,,
6/1/1967,,,,,,,,,,,,
7/1/1967,,,,,,,,,,,,
8/1/1967,,,,,,,,,,,,
9/1/1967,,,,,,,,,,,,
10/1/1967,,,,,,,,,,,,
11/1/1967,,,,,,,,,,,,
12/1/1967,,,,,,,,,,,,
1/1/1968,,,,,,,,,,,,
2/1/1968,,,,,,,,,,,,
3/1/1968,,,,,,,,,,,,
4/1/1968,,,,,,,,,,,,
5/1/1968,,,,,,,,,,,,
6/1/1968,,,,,,,,,,,,
7/1/1968,,,,,,,,,,,,
8/1/1968,,,,,,,,,,,,
9/1/1968,,,,,,,,,,,,
10/1/1968,,,,,,,,,,,,
11/1/1968,,,,,,,,,,,,
12/1/1968,,,,,,,,,,,,
1/1/1969,,,,,,,,,,,,
2/1/1969,,,,,,,,,,,,
3/1/1969,,,,,,,,,,,,
4/1/1969,,,,,,,,,,,,
5/1/1969,,,,,,,,,,,,
6/1/1969,,,,,,,,,,,,
7/1/1969,,,,,,,,,,,,
8/1/1969,,,,,,,,,,,,
9/1/1969,,,,,,,,,,,,
10/1/1969,,,,,,,,,,,,
11/1/1969,,,,,,,,,,,,
12/1/1969,,,,,,,,,,,,
1/1/1970,,,,,,,,,,,,
2/1/1970,,,,,,,,,,,,
3/1/1970,,,,,,,,,,,,
4/1/1970,,,,,,,,,,,,
5/1/1970,,,,,,,,,,,,
6/1/1970,,,,,,,,,,,,
7/1/1970,,,,,,,,,,,,
8/1/1970,,,,,,,,,,,,
9/1/1970,,,,,,,,,,,,
10/1/1970,,,,,,,,,,,,
11/1/1970,,,,,,,,,,,,
12/1/1970,,,,,,,,,,,,
1/1/1971,,,,,,,,,,,,
2/1/1971,,,,,,,,,,,,
3/1/1971,,,,,,,,,,,,
4/1/1971,,,,,,,,,,,,
5/1/1971,,,,,,,,,,,,
6/1/1971,,,,,,,,,,,,
7/1/1971,,,,,,,,,,,,
8/1/1971,,,,,,,,,,,,
9/1/1971,,,,,,,,,,,,
10/1/1971,,,,,,,,,,,,
11/1/1971,,,,,,,,,,,,
12/1/1971,,,,,,,,,,,,
1/1/1972,,,,,,,,,,,,
2/1/1972,,,,,,,,,,,,
3/1/1972,,,,,,,,,,,,
4/1/1972,,,,,,,,,,,,
5/1/1972,,,,,,,,,,,,
6/1/1972,,,,,,,,,,,,
7/1/1972,,,,,,,,,,,,
8/1/1972,,,,,,,,,,,,
9/1/1972,,,,,,,,,,,,
10/1/1972,,,,,,,,,,,,
11/1/1972,,,,,,,,,,,,
12/1/1972,,,,,,,,,,,,
1/1/1973,,,,,,,,,,,,
2/1/1973,,,,,,,,,,,,
3/1/1973,,,,,,,,,,,,
4/1/1973,,,,,,,,,,,,
5/1/1973,,,,,,,,,,,,
6/1/1973,,,,,,,,,,,,
7/1/1973,,,,,,,,,,,,
8/1/1973,,,,,,,,,,,,
9/1/1973,,,,,,,,,,,,
10/1/1973,,,,,,,,,,,,
11/1/1973,,,,,,,,,,,,
12/1/1973,,,,,,,,,,,,
1/1/1974,,,,,,,,,,,,
2/1/1974,,,,,,,,,,,,
3/1/1974,,,,,,,,,,,,
4/1/1974,,,,,,,,,,,,
5/1/1974,,,,,,,,,,,,
6/1/1974,,,,,,,,,,,,
7/1/1974,,,,,,,,,,,,
8/1/1974,,,,,,,,,,,,
9/1/1974,,,,,,,,,,,,
10/1/1974,,,,,,,,,,,,
11/1/1974,,,,,,,,,,,,
12/1/1974,,,,,,,,,,,,
1/1/1975,,,,,,,,,,,,
2/1/1975,,,,,,,,,,,,
3/1/1975,,,,,,,,,,,,
4/1/1975,,,,,,,,,,,,
5/1/1975,,,,,,,,,,,,
6/1/1975,,,,,,,,,,,,
7/1/1975,,,,,,,,,,,,
8/1/1975,,,,,,,,,,,,
9/1/1975,,,,,,,,,,,,
10/1/1975,,,,,,,,,,,,
11/1/1975,,,,,,,,,,,,
12/1/1975,,,,,,,,,,,,
1/1/1976,,,,,,,,,,,,
2/1/1976,,,,,,,,,,,,
3/1/1976,,,,,,,,,,,,
4/1/1976,,,,,,,,,,,,
5/1/1976,,,,,,,,,,,,
6/1/1976,,,,,,,,,,,,
7/1/1976,,,,,,,,,,,,
8/1/1976,,,,,,,,,,,,
9/1/1976,,,,,,,,,,,,
10/1/1976,,,,,,,,,,,,
11/1/1976,,,,,,,,,,,,
12/1/1976,,,,,,,,,,,,
1/1/1977,,,,,,,,,,,,
2/1/1977,,,,,,,,,,,,
3/1/1977,,,,,,,,,,,,
4/1/1977,,,,,,,,,,,,
5/1/1977,,,,,,,,,,,,
6/1/1977,,,,,,,,,,,,
7/1/1977,,,,,,,,,,,,
8/1/1977,,,,,,,,,,,,
9/1/1977,,,,,,,,,,,,
10/1/1977,,,,,,,,,,,,
11/1/1977,,,,,,,,,,,,
12/1/1977,,,,,,,,,,,,
1/1/1978,9.759230481,,,,,,,,,,,
2/1/1978,9.611036496,,,,,,,,,,,
3/1/1978,9.395803892,,,,,,,,,,,
4/1/1978,9.433878214,,,,,,,,,,,
5/1/1978,9.583910953,,,,,,,,,,,
6/1/1978,10.06354998,,,,,,,,,,,
7/1/1978,10.46212296,,,,,,,,,,,
8/1/1978,10.74297474,,,,,,,,,,,
9/1/1978,11.09663454,,,,,,,,,,,
10/1/1978,11.57702301,,,,,,,,,,,
11/1/1978,12.45242446,,,,,,,,,,,
12/1/1978,12.57687468,,,,,,,,,,,
1/1/1979,13.02095958,,,,,,,,,,,
2/1/1979,13.47621628,,,,,,,,,,,
3/1/1979,13.58371685,,,,,,,,,,,
4/1/1979,13.84337277,,,,,,,,,,,
5/1/1979,14.35122213,,,,,,,,,,,
6/1/1979,14.83659049,,,,,,,,,,,
7/1/1979,15.27786082,,,,,,,,,,,
8/1/1979,15.56436479,,,,,,,,,,,
9/1/1979,15.92371666,,,,,,,,,,,
10/1/1979,16.34508269,,,,,,,,,,,
11/1/1979,16.9327668,,,,,,,,,,,
12/1/1979,17.76415079,,,,,,,,,,,
1/1/1980,18.30666504,,,,,,,,,,,
2/1/1980,19.10884044,,,,,,,,,,,
3/1/1980,20.99298514,,,,,,,0,,,,
4/1/1980,22.2432891,,,,,,,0,,,,
5/1/1980,22.45524767,,,,,,,0,,,,
6/1/1980,22.0010682,,,,,,,0,,,,
7/1/1980,21.20299775,,,,,,,0,,,,
8/1/1980,21.60915069,,,,,,,0,,,,
9/1/1980,23.80150989,,,,,,,0,,,,
10/1/1980,25.37985346,,,,,,,0,,,,
11/1/1980,26.25163561,,,,,,,1,,,,
12/1/1980,27.67482384,,,,,,,1,,,,
1/1/1981,28.45509245,,,,,,,1,,,,
2/1/1981,28.52366642,,,,,,,1,,,,
3/1/1981,28.0153062,,,,,,,1,,,,
4/1/1981,28.45470155,,,,,,,1,,,,
5/1/1981,28.08871221,,,,,,,1,,,,
6/1/1981,28.51965217,,,,,,,0,,,,
7/1/1981,30.67067661,,,,,,,0,,,,
8/1/1981,33.45001701,,,,,,,0,,,,
9/1/1981,34.19650553,,,,,,,0,,,,
10/1/1981,34.63371784,,,,,,,0,,,,
11/1/1981,34.0929691,,,,,,,0,,,,
12/1/1981,33.18182129,,,,,,,0,,,,
1/1/1982,33.88476172,,,,,,,0,0.090173977,0.086860584,,
2/1/1982,35.88860215,,,,,,,0,0.092819673,0.088180963,,
3/1/1982,34.63266237,,,,,,,0,0.09489217,0.09196024,,
4/1/1982,38.09005867,,,,,,,0,0.098467205,0.097734133,,
5/1/1982,42.77917933,,,,,,,0,0.103591355,0.10603165,,
6/1/1982,50.36271689,,,,,,,0,0.110242186,0.1143798,,
7/1/1982,52.13548912,,,,,,,0,0.118923042,0.121985682,,
8/1/1982,55.09203403,,,,,,,0,0.129546806,0.134718497,,
9/1/1982,50.76185654,,,,,,,0,0.140684154,0.146669754,,
10/1/1982,44.17085932,,,,,,,0,0.149105501,0.162457795,,
11/1/1982,53.13519639,,,,,,,0,0.154800102,0.192316371,,
12/1/1982,57.86720149,,,,,,,0,0.161247342,0.176023584,,
1/1/1983,59.62722226,,,,,,,0,0.168553575,0.186524186,,
2/1/1983,61.426581,,,,,,,0,0.175451043,0.19494143,,
3/1/1983,63.66779819,,,,,,,0,0.187867731,0.204691448,,
4/1/1983,64.05372948,,,,,,,0,0.197517482,0.217290063,,
5/1/1983,63.4076127,,,,,,,1,0.209297816,0.229615851,,
6/1/1983,61.93158836,,,,,,,1,0.224416069,0.241874706,,
7/1/1983,59.63265921,,,,,,,1,0.230175152,0.257643145,,
8/1/1983,57.05526848,,,,,,,1,0.234304386,0.271241526,,
9/1/1983,56.36019378,,,,,,,1,0.243926502,0.284768144,,
10/1/1983,56.35428902,,,,,,,1,0.256167133,0.303173971,,
11/1/1983,55.85462931,,,,,,,1,0.261408991,0.342216635,,
12/1/1983,54.02906985,,,,,,,1,0.270654556,0.322628891,,
1/1/1984,52.98637479,,,,,,,1,0.295446128,0.330058393,,
2/1/1984,50.63689433,,,,,,,1,0.313340452,0.345333223,,
3/1/1984,45.25854562,,,,,,,1,0.334633437,0.358973445,,
4/1/1984,47.52528594,,,,,,,1,0.344323869,0.372411471,,
5/1/1984,50.5607493,,,,,,,1,0.35691129,0.387150696,,
6/1/1984,50.53180514,,,,,,,1,0.373691158,0.406312032,,
7/1/1984,50.04713289,,,,,,,1,0.386339652,0.427630267,,
8/1/1984,50.28202199,,,,,,,0,0.405449037,0.447202346,,
9/1/1984,50.33309018,,,,,,,0,0.41543318,0.469313118,,
10/1/1984,49.41481917,,,,,,,0,0.4292459,0.499315827,,
11/1/1984,49.63919983,,,,,,,0,0.453976765,0.537956483,,
12/1/1984,49.13908376,,,,,,,0,0.470197649,0.520476608,,
1/1/1985,47.85096018,,,,,,,0,0.500487877,0.529293864,,
2/1/1985,48.75373815,,,,,,,0,0.519328275,0.543889547,,
3/1/1985,55.90278058,,,,,,,0,0.535568041,0.56334105,,
4/1/1985,59.43317165,,,,,,,0,0.556510544,0.581297122,,
5/1/1985,60.41136459,,,,,,,1,0.563137531,0.603403124,,
6/1/1985,64.41818004,,,,,,,1,0.578633032,0.627805836,,
7/1/1985,70.51736561,,,,,,,0,0.607293132,0.663955335,,
8/1/1985,74.40635013,,,,,,,0,0.640321054,0.712097364,,
9/1/1985,71.0529783,,,,,,,0,0.6701105,0.760407301,,
10/1/1985,68.30794098,,,,,,,0,0.702184049,0.802824103,,
11/1/1985,71.35573117,,,,,,,0,0.7404355,0.856912589,,
12/1/1985,73.85885957,,,,,,,0,0.766613085,0.847707836,,
1/1/1986,73.77513682,,,,,,,0,0.799014511,0.872791434,,
2/1/1986,73.64521686,,,,,,,0,0.810077966,0.898641051,,
3/1/1986,76.40795601,,,,,,,1,0.837729203,0.938114248,,
4/1/1986,79.87162527,,,,,,,1,0.87195294,0.99184273,,
5/1/1986,82.10222911,,,,,,,1,0.927053137,1.066308919,,
6/1/1986,86.82811581,,,,,,,1,0.985804173,1.157177905,,
7/1/1986,91.9031843,,,,,,,0,1.037259516,1.237608631,,
8/1/1986,101.8738474,,,,,,,0,1.08582129,1.33852735,,
9/1/1986,105.8226645,,,,,,,0,1.15460492,1.453109913,,
10/1/1986,110.1901563,,,,,,,0,1.213958886,1.552445082,,
11/1/1986,106.7083076,,,,,,,0,1.274349224,1.659254656,,
12/1/1986,103.1091359,,,,,,,0,1.351846858,1.729622376,,
1/1/1987,101.9634142,,,,,,,0,1.448509046,1.79676811,,
2/1/1987,99.17261831,,,,,,,0,1.58920354,1.910868748,,
3/1/1987,97.000413,,,,,,,0,1.733049178,2.043316278,,
4/1/1987,97.11244386,,,,,,,0,1.890600651,2.204367268,,
5/1/1987,100.3076248,,,,,,,0,2.038601852,2.39241103,,
6/1/1987,101.3248173,,,,,,,0,2.199263668,2.600147772,,
7/1/1987,99.79134349,,,,,,,1,2.376216862,2.852549855,,
8/1/1987,100.1211267,,,,,,,1,2.580823308,3.109738559,,
9/1/1987,100.286639,,,,,,,1,2.785861838,3.385282805,,
10/1/1987,97.24716168,,,,,,,1,3.137928625,3.690349847,,
11/1/1987,112.5251796,,,,,,,1,3.25635114,4.012934989,,
12/1/1987,127.1613264,,,,,,,1,3.595530304,4.44057063,,
1/1/1988,152.4133136,,,,,,,1,4.148321681,4.922640925,,
2/1/1988,143.873698,,,,,,,1,4.301449203,5.371670712,,
3/1/1988,73.77957489,,,,,,,1,4.534920441,5.684719713,,
4/1/1988,52.19643797,,,,,,,1,4.769404622,5.877458222,,
5/1/1988,47.20925216,,,,,,,1,4.92348151,6.030017531,,
6/1/1988,34.63376845,,,,,,,1,5.303802052,6.181832396,,
7/1/1988,34.15224666,,,,,,,1,5.66721975,6.314199065,,
8/1/1988,34.31365706,,,,,,,1,5.750290809,6.426124129,,
9/1/1988,34.05399336,,,,,,,1,6.00366358,6.513313324,,
10/1/1988,32.28673102,,,,,,,1,6.209911908,6.576199799,,
11/1/1988,42.23787156,,,,,,,1,6.450058702,6.662088053,,
12/1/1988,49.59498399,,,,,,,1,6.516752655,6.727284368,,
1/1/1989,49.06704081,,,,,,,1,6.482499085,6.785292243,,
2/1/1989,46.19758347,,,,,,,0,6.429968888,6.866876569,,
3/1/1989,46.36598152,,,,,,,0,6.520999628,6.956479972,,
4/1/1989,50.10448597,,,,,,,0,6.661060696,7.07213929,,
5/1/1989,55.32206558,,,,,,,1,6.899931508,7.197365222,,
6/1/1989,58.18616944,,,,,,,1,7.13867889,7.316208632,,
7/1/1989,38.37563396,,,,,,,1,7.283314247,7.42979321,,
8/1/1989,38.61539078,,,,,,,1,7.338570663,7.55522841,,
9/1/1989,36.89698904,,,,,,,1,7.324279843,7.68898126,,
10/1/1989,38.29983703,,,,,,,1,7.3926407,7.822018531,,
11/1/1989,39.99410313,,,,,,,1,7.417903309,7.944423558,,
12/1/1989,38.83134913,,,,,,,1,7.470397833,8.103552527,,
1/1/1990,39.25447187,,,,,,,1,7.833112918,8.291449057,64.13997173,
2/1/1990,40.68044665,,,,,,,1,8.249234585,8.450429245,63.95981993,
3/1/1990,43.41812025,,,,,,,1,8.671626898,8.614000278,62.57171546,
4/1/1990,43.56079672,,,,,,,1,8.588553268,8.786398737,65.77754736,
5/1/1990,39.22668685,,,,,,,1,8.529762156,8.987944989,64.36021474,
6/1/1990,35.16418393,,,,,,,1,8.42593991,9.200431229,63.67942666,
7/1/1990,33.11807665,,,,,,,1,8.539359534,9.41491549,62.597545,
8/1/1990,32.14512324,,,,,,,1,8.76024368,9.62561045,62.4675107,
9/1/1990,31.85987626,,,,,,,1,8.957874604,9.80569751,61.53533252,
10/1/1990,29.32280996,,,,,,,0,9.091983736,9.971654118,61.82065134,
11/1/1990,25.95978608,,,,,,,0,9.277360137,10.19746406,61.40843259,
12/1/1990,25.14945399,,,,,,,0,9.361182803,10.42732863,61.82701329,
1/1/1991,23.62342231,,,20.19845152,,,,0,9.503087232,10.57759775,60.7277032,
2/1/1991,22.51430131,,,20.09897389,,,,0,9.541971689,10.74210273,61.10714064,
3/1/1991,21.94857975,,,17.39100134,,,,0,9.686609109,10.89816004,60.84522635,
4/1/1991,21.25227844,,,17.66959635,,,,0,9.738906747,11.04119931,60.74151139,
5/1/1991,20.93346646,,2.989231669,16.49696079,,,,0,9.920855389,11.17806947,60.52007495,
6/1/1991,19.39598987,,3.004401419,21.53404516,,,,0,10.16518937,11.31650706,61.06281201,
7/1/1991,19.08060629,,3.017679847,16.33085751,,,,0,10.30474126,11.45709257,61.89929824,
8/1/1991,18.42500704,,3.050436397,15.66467405,,,,0,10.36760307,11.58571974,62.42657929,
9/1/1991,18.57763875,,3.06197653,15.16320897,,,,0,10.41687265,11.738619,62.60071991,
10/1/1991,17.66197506,,3.063891487,15.66911228,,,,0,10.54069661,11.91345715,65.01226754,
11/1/1991,16.90640819,,3.059462271,17.68657835,,,,0,10.5647611,12.04291082,63.86108768,
12/1/1991,17.06141967,,3.083261681,19.90436458,,,,0,10.49376618,12.20855276,63.90876232,
1/1/1992,15.80832588,,3.096091392,17.06831074,,,,0,10.63924389,12.33470454,64.70642079,50.30043678
2/1/1992,14.87275481,,3.090879501,15.06200945,,,,0,10.87038345,12.4563051,65.28947284,50.0977427
3/1/1992,11.57637076,,3.043778774,15.85402251,,,,0,11.20933633,12.57960572,65.0182287,50.04474051
4/1/1992,11.79663896,,3.061518022,15.24114433,,,,0,11.24680215,12.70210593,64.57035292,50.2060361
5/1/1992,13.62845803,,3.092943353,14.70758667,,,,1,11.00991343,12.81904246,64.6885586,51.18716258
6/1/1992,15.26227384,,3.099397711,14.19109833,,,,1,10.91322368,12.92810247,65.73808045,51.86820903
7/1/1992,17.19379116,,3.104918646,14.53492241,,,,1,10.87409922,13.05241595,64.45603045,51.93320588
8/1/1992,17.91374699,,3.097999333,14.31363021,,,,1,10.87696859,13.18122431,63.74535452,51.99246158
9/1/1992,18.40800048,,3.098549306,14.44395651,,,,1,10.96180844,13.32663216,63.86533387,52.98927514
10/1/1992,18.88245605,,3.116787512,15.87665483,,,,1,11.15311701,13.46565933,62.16805774,52.20942156
11/1/1992,17.7181657,,3.099657939,11.0492895,,,,1,11.27813687,13.61823091,61.81534109,50.88981261
12/1/1992,17.27793965,,3.122407093,13.04404115,,,,1,11.53964465,13.76964619,60.94293096,50.3702979
1/1/1993,18.4176433,,3.138713005,12.77918008,61.67444668,,,1,11.53395328,13.84800626,61.34338883,49.25571988
2/1/1993,18.66546889,,3.124313683,12.61658909,62.58385554,,,1,11.42746552,13.93544295,60.96166362,49.53594157
3/1/1993,17.79705535,,3.078978923,11.72738067,62.32601706,,,1,11.30008669,14.0093203,62.04488345,50.85099525
4/1/1993,16.53246628,,3.093738224,12.51609825,62.45393103,,,1,11.21654683,14.04823014,62.66572337,50.82456889
5/1/1993,17.12340433,,3.122386942,13.1199861,63.02830068,,,1,11.37207774,14.11256344,61.74448856,50.61343833
6/1/1993,16.21898892,,3.101819746,12.81418264,62.26257428,,,1,11.5068037,14.18583025,61.6603002,49.74937377
7/1/1993,14.75558582,,3.117001716,12.49269001,63.30574294,,,1,11.59645124,14.29071065,61.86759039,50.0286326
8/1/1993,14.60011378,,3.129862402,12.9237775,63.09794831,,,1,11.67567561,14.42056947,61.25810657,49.90322953
9/1/1993,14.08244799,,3.127984484,12.45365658,62.85004253,,,1,11.80275173,14.55969581,61.07649917,49.47857722
10/1/1993,13.30174858,,3.103391154,11.71388625,62.90889913,,,1,11.76068096,14.70136541,61.77311892,49.26427072
11/1/1993,13.19680427,,3.123483529,11.94448252,62.70921501,,,1,11.75370043,14.82971531,62.35482544,49.14491458
12/1/1993,11.50802994,,3.106348736,12.06968624,63.94663769,,,1,11.90334559,14.89904267,64.35760569,48.86113138
1/1/1994,10.81724866,,3.135951701,10.33159256,64.36833258,,,1,11.88256444,14.90029799,64.703131,49.28991234
2/1/1994,9.799581422,,3.151764041,14.34411716,64.41652872,,,1,11.70805786,14.94172933,64.11845749,49.83816832
3/1/1994,10.18977977,,3.283666932,19.21281244,65.02208501,,,1,11.68771795,14.98220971,63.87189843,49.37676702
4/1/1994,15.60226154,,3.346130838,14.09938744,65.89761487,,,1,11.60074552,14.96048469,63.74641596,49.73763631
5/1/1994,18.34073207,,3.328167323,13.25335453,65.87779039,,,1,11.62670276,15.01855372,65.03312679,50.93474019
6/1/1994,16.90219398,,3.34928507,16.27171765,66.06995935,,,1,11.66744667,15.10362772,65.47062717,52.55599305
7/1/1994,17.51402855,,3.402316594,12.35177295,65.8714646,,,1,11.83423315,15.22886176,63.88083218,54.11676523
8/1/1994,15.29194571,,3.414768302,12.53658863,66.20759066,,,1,11.98746713,15.37798335,66.70052899,53.04460623
9/1/1994,14.28067938,,3.424007579,14.02294443,66.58682941,,,1,12.09613707,15.54658943,69.31750851,53.52714771
10/1/1994,13.94772099,,3.402606685,13.52182447,66.9071943,,,1,12.23304144,15.74349664,70.43861826,53.79524238
11/1/1994,13.72238298,,3.395343996,15.12142969,66.6605192,,,1,12.28539401,15.91477418,72.5103508,54.2816667
12/1/1994,19.10195893,,4.093911396,13.1629134,66.19077397,,,0,12.26325207,16.01795973,73.27558848,54.72903085
1/1/1995,39.38972417,,5.762472824,12.41056905,66.02564084,,,0,12.65401201,16.46577361,73.31451548,55.21967536
2/1/1995,41.82601646,,5.755400344,11.41524689,62.03080908,,,0,13.2916865,17.16158486,74.70060758,55.24625137
3/1/1995,70.00275384,,6.751543102,12.34845863,61.44742853,,,0,14.0012862,17.92020251,74.64238449,55.98082702
4/1/1995,69.91321098,,6.225210833,12.1165811,60.85113065,,,0,14.61099888,19.09016803,73.87303535,56.04707448
5/1/1995,58.0702637,,6.030304012,12.94566528,59.65126009,,,0,15.26864823,20.01060544,73.07591967,55.15909875
6/1/1995,47.90339864,,6.204120585,12.77502229,60.44270713,,,0,15.91617708,20.74221178,75.44511247,55.49390607
7/1/1995,40.23641315,,6.146447293,13.67893122,60.93259965,,,1,16.38105596,21.27681795,79.45833992,55.1784387
8/1/1995,37.08631171,,6.275424627,12.00413196,61.3810133,,,1,16.75576999,21.76920441,78.36619425,55.39891803
9/1/1995,34.84314373,,6.363466427,12.58864239,61.79848447,,,1,17.11246802,22.31904332,78.24208942,55.5992016
10/1/1995,41.29158618,,6.699816634,13.22339598,60.03286119,,,1,17.95541616,22.9038435,80.84016634,55.18474987
11/1/1995,50.66094546,,7.608723126,10.70428645,61.95805082,,,1,18.81842551,23.5011132,79.09630925,56.18350949
12/1/1995,46.27175447,,7.627140338,13.02380514,64.42518122,,,1,19.4217356,24.15418348,78.28052316,58.50780757
1/1/1996,41.39089618,,7.512848703,12.84331181,64.73286571,,,1,19.84071435,24.72668121,77.66557991,58.01684928
2/1/1996,40.85952662,,7.527069685,15.66334856,64.15379923,,,1,20.39442167,25.24912927,77.94674911,59.5869354
3/1/1996,42.22876011,,7.471409937,17.99759791,64.39888996,,,0,21.0561331,25.79392488,78.26499321,59.84722563
4/1/1996,36.69271746,,7.484847508,15.85522192,64.67399628,,,0,21.7430536,26.39937627,80.5039042,60.04069708
5/1/1996,33.30857,,7.513408573,16.88324367,64.93265915,,,0,22.55443676,26.92460441,81.19519792,59.23155559
6/1/1996,30.21535786,,7.544164266,15.56738096,65.78354682,,,0,22.91666259,27.43607165,80.88127321,58.9159624
7/1/1996,32.54527136,,7.650737648,19.93666139,65.97887731,,,0,23.2010341,27.95503661,80.16620209,59.70240991
8/1/1996,29.89328094,,7.610350242,16.82560613,65.90213905,,,0,23.6486955,28.4450754,79.93178252,59.38605499
9/1/1996,27.96756154,,7.60920817,16.15101923,66.54696762,,,1,24.02535712,28.95390094,76.91141546,58.65933167
10/1/1996,27.57739474,,7.648217917,17.36701386,66.89925126,,,1,24.51081903,29.42972729,74.3781555,59.11733304
11/1/1996,26.90096706,,7.76259479,16.60704749,67.4806201,,,1,24.94150535,29.85842795,71.90820559,59.73284894
12/1/1996,25.28354497,,7.807267846,20.72932204,68.25468599,,,1,25.24709269,30.44747575,71.71745465,62.35121464
1/1/1997,24.28334958,,7.817127438,20.48859067,68.06870349,,,1,25.74798255,30.97009171,71.50111022,61.61178064
2/1/1997,22.08034916,,7.776818635,20.75509416,68.14670397,,,1,26.19739989,31.41757421,71.52131008,58.48900934
3/1/1997,21.96067704,,7.893227565,19.68213445,68.42773949,,,1,26.71346663,31.77871574,72.67127458,57.4445215
4/1/1997,22.64925547,,7.973274224,21.28547093,69.30052209,,,1,26.61356905,32.06996093,73.06157578,56.01248821
5/1/1997,22.33731587,,8.007845403,19.73945509,69.74334031,,,1,26.63383947,32.46091014,71.76272355,56.65177764
6/1/1997,21.97497226,,7.953963617,24.06158964,70.59302853,,,1,26.5975004,32.83916496,70.53044461,55.61198081
7/1/1997,20.0745569,,7.920027183,22.43996735,70.36154721,,,1,26.93395979,33.25703982,68.30248848,55.07742184
8/1/1997,20.39484385,,7.889839554,25.2836491,71.09938376,,,0,27.56832985,33.66795044,69.77870715,55.21979832
9/1/1997,20.36459873,,7.847801035,21.71206794,71.39226171,,,0,27.94573282,34.11464605,70.10899979,54.73389962
10/1/1997,19.50561748,,7.79992328,33.81397005,72.30984078,,,0,27.92378693,34.49213113,69.85507228,55.23256205
11/1/1997,20.53957534,,8.15449834,27.0164676,72.57387647,,,0,28.00207465,34.8659129,69.77626664,54.02172998
12/1/1997,18.98611912,,8.065293472,22.99023177,72.37584084,,,1,28.15611473,35.24150799,68.32129481,52.99976836
1/1/1998,18.89178977,,8.172927273,21.56621539,72.69535776,,,1,28.49938644,35.66665737,67.84107162,50.17016131
2/1/1998,19.64708578,,8.452820251,18.23143006,73.60713362,,,0,29.03014978,36.2494413,68.16988687,49.61713463
3/1/1998,20.57752756,,8.520934442,23.12113235,74.38861671,,,0,30.00035194,36.67066043,67.36925016,49.38974986
4/1/1998,20.29425715,,8.602325996,21.22372315,74.25060531,,,1,29.99031811,37.04378154,66.58858827,49.42704833
5/1/1998,20.54963311,,8.722985576,23.33012073,74.16602932,,,1,30.45783047,37.50497226,65.70721589,49.07295767
6/1/1998,21.54361892,,8.939793245,22.22790576,73.53089543,,,1,30.96610615,38.04509131,64.52687555,48.03338472
7/1/1998,22.91049155,,8.958888587,26.18894903,74.36000766,,,1,31.67566706,38.53876109,64.19043433,47.20794561
8/1/1998,25.18868876,,9.508066154,41.15964715,74.47687036,,,1,32.02403395,39.0216078,62.31929296,45.48993418
9/1/1998,40.79367133,,10.32656093,40.5073369,74.12505241,,,1,32.40965621,39.67341878,62.13141717,45.69071438
10/1/1998,36.24134812,,10.01017953,26.37310536,73.84688857,,,1,33.09115839,40.30745773,62.72831635,45.53477715
11/1/1998,32.18699031,,9.834424775,24.96136137,74.27861453,,,1,33.87496182,40.87291595,62.11701478,44.93018773
12/1/1998,33.19870282,,9.841667931,23.74281348,74.62575501,75.24263657,,1,34.89167279,41.53911663,62.19409583,43.00737985
1/1/1999,31.31160255,2.082894669,10.04851888,27.42486721,75.39517737,74.82953964,,1,35.93090771,42.37515932,61.19319991,43.86732453
2/1/1999,28.56310053,1.494889918,9.899208348,27.38763627,75.21248105,74.49862792,,1,35.95525811,42.99217132,58.88737631,42.19768767
3/1/1999,23.6901915,1.069282168,9.707673373,22.37183133,75.8171596,75.0423347,,1,35.4763734,43.49459483,57.01463478,43.46061673
4/1/1999,22.51282133,1.014234823,9.554506333,25.51365989,75.14923555,75.34732225,,1,35.3154836,43.9537888,55.75146948,45.24858624
5/1/1999,22.88750082,0.982480997,9.54388109,25.96869964,75.93180871,76.23495299,,1,35.43823038,44.40711209,55.0205596,45.82368145
6/1/1999,21.73768473,0.893553637,9.561544202,25.49315195,75.2652127,75.8905975,,0,35.38590039,44.79270356,54.83297907,46.25655295
7/1/1999,21.90346563,0.902062089,9.438752825,25.41424645,76.26513228,76.65340277,,1,35.44200179,45.19039963,52.4860725,48.00520727
8/1/1999,21.329019,0.798622072,9.513675782,23.66382929,76.02086813,75.74228341,,1,35.21669053,45.51956317,54.37961719,49.96510971
9/1/1999,20.55626677,0.785406942,9.348546775,23.08603049,76.5344487,76.73574874,,1,35.11899617,45.88648061,54.76352648,51.13821895
10/1/1999,19.39710206,0.800095649,9.419483792,22.11845274,76.55022381,75.8408743,,1,34.96011684,46.19701712,53.22507302,52.33438219
11/1/1999,17.83164204,0.713098731,9.315848047,23.38155708,76.79716662,77.06986906,,1,34.8759668,46.50216321,52.69318519,53.26004834
12/1/1999,17.39383821,1.070982886,9.408508768,24.07565968,77.26931113,76.73418748,,1,34.69541488,46.79969297,51.75887472,54.40393296
1/1/2000,16.84177047,0.972879744,9.352414567,23.6169538,79.35005458,77.31210536,,1,35.0405921,47.29576392,52.59577848,55.62197921
2/1/2000,16.17207694,1.032521318,9.337817497,22.55983004,78.77059242,77.29140425,,1,35.64841722,47.77426097,52.66761216,58.4917187
3/1/2000,14.2639657,0.761692232,9.287430314,24.48321901,78.71270708,77.54290242,,1,35.83818585,48.00276217,52.82261365,58.93329328
4/1/2000,15.48771216,0.668212981,9.537601239,26.98805094,79.38857468,78.08204558,,1,35.9899289,48.26344234,53.52426963,55.88668647
5/1/2000,16.83815478,0.737953569,9.635387912,25.28275364,79.84627121,80.61251779,,1,36.30196368,48.55666732,53.51927707,58.48401248
6/1/2000,16.79133839,0.770492694,9.870771572,22.88096759,80.25717647,79.75961137,,1,36.83939338,48.85826849,54.12256258,61.40122773
7/1/2000,15.46710172,0.683959205,9.508207985,20.72203398,80.43255809,79.52185173,,1,36.73251223,49.09464952,53.97638515,60.40042881
8/1/2000,15.60302642,0.604325517,9.364816421,16.49429629,80.5228001,80.27345164,,1,36.7885821,49.33170415,53.17302255,60.83649336
9/1/2000,15.49502217,0.63024892,9.335166178,18.39454113,80.6149773,80.77544807,,1,36.72428004,49.5352755,52.66684069,62.79610316
10/1/2000,16.26309677,0.626027039,9.38606433,22.84763426,80.53948122,81.19813132,,1,36.96284364,49.84398626,53.334325,62.82756391
11/1/2000,17.469518,0.63242481,9.439441146,29.27520952,80.1976755,81.33441198,,1,36.95637134,50.16785223,53.23808094,64.43210859
12/1/2000,17.48169023,0.705094423,9.460810489,26.94850978,79.80885855,81.37352533,,1,37.90922029,50.48644575,54.20611661,65.16407407
1/1/2001,17.9813142,0.665702009,9.643254686,21.29637492,79.77918026,81.4303936,,1,37.74392062,50.74919683,53.61020264,63.94718026
2/1/2001,17.6144621,0.341570724,9.640861478,27.87096554,79.54215082,81.30070329,,1,36.35537518,50.85860786,54.59676761,61.53352512
3/1/2001,16.01602945,0.565987341,9.622678594,28.48252502,79.53612797,80.86310687,,1,37.04193463,51.16205199,55.069669,59.00195702
4/1/2001,16.5529054,0.621201592,9.457795224,25.45098967,79.39486274,80.38173037,,1,37.72816606,51.47594325,54.9481452,58.71427522
5/1/2001,13.44154815,0.638599318,9.212941282,25.23621898,79.19913358,80.36033405,,1,38.02047747,51.74080951,55.47037569,59.03846087
6/1/2001,10.30331644,0.545682938,9.117853575,22.20397903,79.48493605,80.08962796,,1,37.7968961,51.95328809,55.17162368,58.3043145
7/1/2001,10.76978396,0.061880066,9.245162358,22.29661007,79.70229071,80.10084357,,1,37.27239428,52.0635681,56.53527303,56.28254586
8/1/2001,8.537513824,0.609823166,9.209353606,24.63139787,79.95316715,79.94385541,,1,38.57558439,52.41342397,56.63803943,56.19377
9/1/2001,10.52658702,0.69404593,9.373252079,27.81079363,79.76390775,79.71140521,,1,39.20169507,52.71386154,55.37839698,53.62224192
10/1/2001,9.266053618,0.51441778,9.219300199,31.84609611,78.78096489,80.08565172,,1,39.55321799,52.92108767,54.10139357,50.41741832
11/1/2001,8.535042949,0.259528005,9.178111229,24.51806915,79.32018604,80.36360472,,1,39.23079026,53.02746301,54.12638183,48.8661119
12/1/2001,7.672800845,0.550679761,9.180969144,22.05412562,79.32282853,80.65392903,,1,38.39176785,53.00719162,53.9410812,48.60158458
1/1/2002,7.208049124,0.570891919,9.048677016,20.98989883,77.97186489,80.39073003,,1,39.79505582,53.36068654,53.19194371,48.42826563
2/1/2002,7.932535267,0.449871122,9.069336593,21.46723049,78.40691699,79.15026675,,1,37.92705412,53.39738117,51.92470229,50.06210304
3/1/2002,7.026796794,0.501746016,9.10125943,18.13967085,78.88360863,79.84018078,,1,37.87098337,53.55596547,51.96319197,52.91587763
4/1/2002,6.518664662,0.66553182,9.257436958,21.90532627,79.25834601,79.88264142,,1,38.43987062,53.80288245,51.42123019,55.74863765
5/1/2002,7.016213611,0.652176844,9.567807488,22.58620929,79.4805165,78.19351175,,0,38.77727274,53.98957444,50.60634393,55.00796528
6/1/2002,7.491131456,0.544614674,9.812430623,28.95709673,79.3630877,78.76443903,,0,39.93273387,54.26157653,51.71777291,54.72017332
7/1/2002,8.20638154,0.434177634,9.869953907,32.27447017,79.56025154,79.43570343,,0,40.57587466,54.50532238,52.11628768,56.75752004
8/1/2002,7.09735944,0.452367756,9.912707891,31.3498485,80.04605666,79.90167418,,0,40.61757601,54.70674769,53.54530752,56.57672889
9/1/2002,7.636677308,0.344694092,10.01241749,33.21069135,79.99276446,80.1442088,,0,40.13973995,54.84352311,54.83562166,58.85264681
10/1/2002,7.948830203,0.399943815,9.983360134,29.94958724,80.28917202,79.96277982,,0,40.02409463,54.98852374,55.15149901,59.99052114
11/1/2002,7.722410435,0.322972928,10.16117648,28.66005988,79.47547134,80.16758104,,0,41.12692977,55.24206925,55.69063165,59.25114284
12/1/2002,7.468127365,0.322385065,10.26415864,27.91601251,80.03144119,80.73030756,,0,41.80764697,55.40652803,55.29644828,62.33407886
1/1/2003,8.663191356,0.212835924,10.544544,31.54232121,80.08400934,80.63209897,,0,41.32166651,55.52729202,55.67402194,65.07944728
2/1/2003,8.637193463,0.348309512,10.94536535,30.21755444,80.63879508,80.94537264,,0,41.76484818,55.7314406,56.68104069,71.16378025
3/1/2003,8.712713509,0.522603263,10.9864456,27.99113289,80.21012464,79.93888885,,0,42.68603628,56.04103035,55.42292077,65.05145836
4/1/2003,8.350747367,0.374419267,10.6531992,22.56416673,80.23846963,80.57992746,,0,42.3818907,56.17808962,55.98733502,60.98044654
5/1/2003,5.938948725,0.278464552,10.26996808,21.36287279,79.98563519,80.66042894,,0,42.22561975,56.34939838,56.46051675,61.78319318
6/1/2003,5.338522332,0.403253025,10.56207888,20.86536716,80.71489577,81.30129307,,0,42.58964398,56.49854385,56.43690473,64.14122181
7/1/2003,5.401824309,0.374280318,10.53723745,19.68477141,80.71660376,80.77248383,,0,42.48082439,56.6515732,56.87939549,63.35988752
8/1/2003,5.138904224,0.334716051,10.84954838,18.80209517,80.00454073,80.76323817,,1,41.98623022,56.80334623,57.81149737,64.04949858
9/1/2003,5.136174211,0.353794794,10.8566711,19.28806592,80.2236622,80.45634377,,1,42.2684336,56.96275527,58.66243603,64.87254756
10/1/2003,5.239421068,0.327263321,11.10830306,15.40488646,80.48453834,81.31745705,,1,42.57992096,57.14304518,60.22387674,67.21404675
11/1/2003,5.183331062,0.411561453,11.12224123,17.1505557,80.78249231,81.32841341,,1,43.31277743,57.38749843,61.21066052,69.02873163
12/1/2003,6.34725154,0.280738462,11.3170975,17.81521106,81.69183972,80.44985881,63.89084544,1,43.34550166,57.53752391,62.06354367,71.84998715
1/1/2004,5.149769162,0.273218772,10.8763249,16.59934217,82.15727377,80.68502685,64.29341882,1,44.26847704,57.80784605,64.04734229,73.3889359
2/1/2004,5.534035734,0.594300161,11.04497777,14.80935973,82.32876287,81.01541822,64.95622157,1,45.92909902,58.13645323,65.05000375,74.25713107
3/1/2004,5.95861012,0.390867399,11.0532289,16.35783165,83.50390842,81.36625321,65.54598022,0,45.26057906,58.26068646,66.61236374,74.77693573
4/1/2004,6.137476698,0.243818607,11.28889602,17.82848514,83.2637103,82.4192923,66.13060256,0,44.47509757,58.34487426,67.72917861,75.13124175
5/1/2004,7.216977078,0.354171977,11.49534149,16.43604557,83.81309641,82.93607651,66.4825789,0,44.2190775,58.48827118,66.51036599,77.77349231
6/1/2004,7.223762338,0.37343779,11.44224412,15.85121459,83.68978446,83.06631706,66.96104438,0,44.21510506,58.65691594,66.37057912,77.90172853
7/1/2004,7.376227012,0.343349158,11.56411803,14.73841423,83.22498964,84.4025866,67.3030013,0,44.11513309,58.82768529,65.63484243,79.20319892
8/1/2004,7.522309627,0.499136278,11.45644888,14.7435494,83.48629289,84.04688592,67.69958031,0,45.45920533,59.16548535,64.76007951,79.93388862
9/1/2004,7.712737149,0.446551421,11.4228442,11.93184465,83.6466867,84.59328072,67.94852123,0,46.35655612,59.47293092,65.1877247,81.53855627
10/1/2004,7.955322928,0.559249908,11.33717843,15.87450113,83.9095775,84.39162053,68.2307209,0,48.14602956,59.86017156,64.60951185,86.10723805
11/1/2004,8.508630001,0.380673048,11.35759164,13.40829932,84.59966596,83.77347589,68.68113105,0,49.20741319,60.1388861,64.96917365,85.9832791
12/1/2004,8.886904675,0.334839482,11.26787984,13.51225461,84.42649973,84.04698442,68.84300463,0,47.88952733,60.12811991,65.38398283,84.43861721
1/1/2005,8.867937035,-0.002111258,11.23389176,12.51311024,84.54662588,84.24170583,69.08069372,0,45.78658691,60.04286726,65.33631936,86.49222372
2/1/2005,9.240991225,0.381461323,11.15337651,12.34931037,84.73275427,84.53682085,69.31385524,0,47.19687965,60.31448181,65.76448257,89.42605815
3/1/2005,9.461789661,0.417623523,11.15753762,14.00535025,84.56197873,85.32687243,69.55593496,0,47.70535953,60.55569443,67.12432799,93.40854491
4/1/2005,10.23154352,0.410670017,11.08830975,15.94375188,84.91178135,85.09671539,69.71485362,0,49.34503276,60.8638398,66.00060189,93.32753629
5/1/2005,10.01900555,0.408498161,10.93750967,14.74771937,85.9717481,85.17773019,69.81245434,0,50.46978247,61.15316381,66.40403877,89.00211733
6/1/2005,9.697179799,0.179097022,10.87682903,12.32452872,84.56508612,85.36848856,69.83488365,0,49.57133505,61.19223157,67.11214223,94.27021453
7/1/2005,9.751433566,0.441849593,10.78101919,11.47004268,84.89250557,85.14485885,70.2648819,0,50.17003606,61.4547301,67.28599437,95.99628082
8/1/2005,9.689038968,0.227616626,10.76089058,11.9853229,85.95443141,85.52520179,70.30430064,0,49.53450873,61.48909782,67.65516835,101.7597499
9/1/2005,9.145723206,0.192823769,10.74302108,11.65509062,86.13342329,86.75256622,70.50214962,0,48.29829602,61.52876879,68.45807804,108.789171
10/1/2005,8.845762205,0.230876555,10.81259973,13.4886844,86.2385654,85.12771724,70.82692959,0,47.69680401,61.59438404,69.30856626,107.2002962
11/1/2005,8.678893577,0.377969381,10.66188479,12.77591285,87.08241017,85.38925901,71.10328519,0,47.11466041,61.66321896,68.72826826,103.5085745
12/1/2005,8.265305205,0.339759159,10.68115317,12.13413549,87.5575039,86.63118294,71.39283088,0,47.79466102,61.89375589,69.53914089,109.0243397
1/1/2006,7.888071605,0.32508337,10.51022609,13.27509909,89.04674172,86.85386999,71.86214811,0,49.27225514,62.14909919,69.56620233,110.3750332
2/1/2006,7.543886199,0.326654908,10.47033646,12.33305093,88.3055335,86.92544502,72.16141463,0,50.0735628,62.3258986,70.26000731,109.0803787
3/1/2006,7.278865259,0.133317505,10.71089226,11.24522846,88.25758175,87.83847543,72.50145161,1,48.38553176,62.37587354,69.46208829,107.7473836
4/1/2006,7.412042652,0.396028654,11.00398417,12.08007284,88.85121242,88.36264253,73.02656642,0,47.8461036,62.52013026,70.04070821,113.0881496
5/1/2006,7.159934918,0.240867331,11.08444534,18.08338589,90.24947492,90.04226428,73.71490521,0,48.59944793,62.73397849,71.03443884,115.4447177
6/1/2006,7.323453487,0.350221269,11.47461596,13.66463195,89.42301922,89.13823451,74.13579924,0,48.68984478,62.91803772,70.5745134,114.4313245
7/1/2006,7.189333629,0.310423943,11.11271099,13.6380538,89.5261071,88.94163558,74.53866123,0,48.36663193,63.09137798,72.56201065,118.1772555
8/1/2006,7.15005981,0.38288435,10.98161573,12.11358995,89.74600073,89.57055197,74.843348,0,49.75899505,63.40286675,72.85895163,119.075858
9/1/2006,7.185958477,0.4617642,10.96073696,12.42894081,89.66646227,91.14029156,75.12259588,0,51.80497783,63.90206969,73.15366106,113.5031654
10/1/2006,7.160393705,0.407435271,10.90047468,9.845419893,90.14103537,90.12955668,75.12019939,1,53.19644052,64.19529524,74.96435409,111.8244699
11/1/2006,7.076470243,0.127751481,10.90510228,10.69635168,89.5942582,90.23796138,75.37054036,1,51.6073491,64.18726254,77.70833462,116.3378826
12/1/2006,7.142133195,0.347126509,10.86800302,12.52167838,90.10883665,90.42467377,75.63297985,1,51.86004785,64.4252042,78.83782794,119.1277202
1/1/2007,7.218597489,0.346240607,10.89154078,10.349064,90.01619073,90.36034308,75.81852525,1,52.06678267,64.66440599,78.31026946,114.4347599
2/1/2007,7.167313547,0.376616094,10.93787146,15.23134632,90.30733033,90.82242435,76.14924336,1,52.85447798,64.8844281,79.41646327,120.7409531
3/1/2007,7.191329922,0.18308982,11.05189453,14.08275054,90.46949705,90.2880171,76.42575236,0,52.57645942,65.05056477,80.93445582,121.2174883
4/1/2007,7.270301664,0.247072961,10.96156843,14.58549131,91.04017404,90.78795361,76.69976562,0,52.42694373,65.16887505,83.83137524,123.3879893
5/1/2007,7.460670722,0.288230612,10.8146637,14.82039291,91.51561371,90.66512372,76.83195236,0,51.61166922,65.23475232,86.18735961,121.409062
6/1/2007,7.407058281,0.328082957,10.93880816,17.05665959,91.89986634,90.9584847,77.16332363,0,51.8645848,65.43968954,90.04132674,123.3702042
7/1/2007,7.368027074,0.37189593,10.94359523,22.52351238,91.87979991,91.13790795,77.45492203,0,52.34664649,65.72598554,94.98670881,125.3900753
8/1/2007,7.366572271,0.384804067,11.19177896,23.28277046,91.7752774,91.74890552,77.74029844,0,52.85620698,66.00443003,98.60642249,121.86645
9/1/2007,7.353256376,0.46731081,10.99999861,18.96532998,92.2800483,92.27378029,78.01621895,1,53.63276339,66.34213216,105.3176015,132.9656524
10/1/2007,7.401308808,0.314648448,10.84004828,15.78605178,92.50928876,92.6778302,78.24320016,1,53.61764615,66.5284038,107.8103001,142.3880052
11/1/2007,7.520132931,0.302266873,10.85678369,22.15124349,91.86290046,92.62535991,78.66512434,1,54.11048833,66.75727056,111.0598402,151.4139352
12/1/2007,7.529873189,0.357702599,10.82380618,22.90483232,91.86055026,92.46366186,78.93245435,1,53.63123016,66.89467594,114.9466091,152.8923948
1/1/2008,7.524128079,0.344001993,10.81160098,26.43232653,92.38696602,92.9804949,79.47280886,0,53.95566185,67.12068294,120.0208622,159.7452799
2/1/2008,7.468853703,0.321644984,10.65439338,25.91366015,92.33234088,93.2357205,80.14986577,0,53.68922323,67.2646546,127.6610797,166.6633562
3/1/2008,7.48887078,0.558242317,10.65360898,23.9446821,91.49343907,92.57514424,80.91227953,0,54.88089033,67.71432769,132.61556,171.1609145
4/1/2008,7.650405799,0.452854754,10.55104061,23.315804,92.97863217,92.55166882,81.49075836,0,55.16451271,68.02409836,130.5710785,174.8483003
5/1/2008,7.642743927,0.49377232,10.47511486,19.97260415,92.67826902,93.05198057,82.12359128,1,55.50225511,68.40252586,130.150056,182.3379112
6/1/2008,7.872341239,0.569686593,10.4547772,24.80009911,93.62646138,93.01405917,82.68381194,1,56.36525404,68.81650123,130.7822196,192.9917965
7/1/2008,8.281732731,0.506995255,10.3540081,22.30804824,93.3886213,92.19624986,83.36989928,1,56.79644307,69.15284025,130.1282915,194.3172556
8/1/2008,8.369641094,0.528101508,10.26019676,20.73443591,92.35420758,93.60160462,83.48998178,1,56.93535044,69.49635759,120.5112116,175.0803076
9/1/2008,8.306186991,0.435729826,10.59603206,39.41160833,92.03916502,93.35053661,83.87408539,1,56.27852372,69.74591878,113.034137,166.6252522
10/1/2008,8.105014242,0.500264103,12.78076308,52.06416521,92.67906671,94.34125071,84.86621424,1,57.74278357,70.10697831,97.93109759,138.4450552
11/1/2008,7.882776943,0.677680184,13.08425579,52.18674755,91.02669479,94.134027,85.1476391,1,59.3078266,70.61706472,90.02816289,117.1849092
12/1/2008,8.088895198,0.374446357,13.38182,42.0878382,89.73654393,93.10189074,85.38827052,1,59.94497269,71.00111749,86.43369719,105.3713763
1/1/2009,7.548546197,0.16152084,13.78993208,43.80719013,86.85455402,92.71979007,85.47901461,1,59.83891601,71.17200613,86.15268991,107.4441118
2/1/2009,7.270266187,0.264961598,14.45000276,46.42710031,86.58428297,93.30905157,85.84826248,1,59.4211248,71.34055938,83.71973881,103.6096324
3/1/2009,7.238322781,0.376689856,14.63142073,44.04212855,86.27237452,91.50687419,86.23738092,1,60.68413777,71.815974,84.39249419,101.6753608
4/1/2009,6.065685597,0.626626374,13.62526935,39.99088942,85.47978954,90.42194299,86.02615283,1,61.64020347,72.25496406,87.13815043,99.51340955
5/1/2009,5.280265875,0.448300615,13.28652016,33.82510596,85.05641082,85.99151657,85.83862203,1,63.02158138,72.59227014,93.64003966,107.8201599
6/1/2009,5.088561231,0.387488945,13.54323071,27.45177628,86.46472452,85.81140967,86.07121411,1,63.78441745,72.88761055,92.29775177,117.2086129
7/1/2009,4.741518719,0.313769463,13.55253739,25.51856609,87.89927692,85.81155633,86.3241835,1,63.53928085,73.08440873,91.17966163,113.3806686
8/1/2009,4.621790046,0.299865615,13.20655101,23.64591633,87.53001699,84.94526649,86.5374454,1,63.51531078,73.2572093,93.01274825,120.3355399
9/1/2009,4.598572574,0.371221714,13.34164904,26.64777751,87.92308825,84.57316191,87.10445701,1,63.74699277,73.51136155,93.14552809,120.4300732
10/1/2009,4.636608525,0.268614257,13.22191132,25.81181132,88.82633528,86.79033819,87.21726422,1,62.82582179,73.63644959,95.14713612,130.3737156
11/1/2009,4.569410151,0.254163512,12.99179775,21.83438984,89.45165251,88.77471415,87.68552963,1,61.92389851,73.65645513,99.18809188,134.5404134
12/1/2009,4.537170588,0.453451625,12.74166112,23.20266052,89.62789733,88.21007911,88.01521136,1,60.91634758,73.77997111,101.1672294,138.1241748
1/1/2010,4.53486766,0.793762483,12.70044073,25.69659152,89.83371376,88.56951971,88.58842951,1,62.92150527,74.40459764,100.8835641,142.619782
2/1/2010,4.601953079,0.538884139,12.80452233,19.97535228,90.2318945,89.62441382,88.95640722,1,63.64478726,74.69172845,98.28005552,138.7062557
3/1/2010,4.642532827,0.55530908,12.54287154,17.77714701,91.22264523,90.31715378,89.49470928,1,66.18570139,75.19811662,96.77014208,141.576475
4/1/2010,4.678194266,0.218545755,12.46168838,25.19968026,91.32187332,90.40447214,89.39391436,1,63.7894454,75.05457484,96.50128415,144.0365749
5/1/2010,4.667992352,0.321499684,12.9586793,33.65338137,91.42554838,90.53603168,89.81311509,0,63.16672913,75.17698121,96.71564157,136.6749375
6/1/2010,4.705927873,0.297748197,12.90330259,38.4761148,91.47340369,90.94146434,89.93186385,0,62.71270344,75.26952409,94.99314092,135.2440202
7/1/2010,4.687687505,0.27223164,12.97191707,22.80319833,91.77020468,92.10324511,90.37733986,0,62.30810118,75.38839432,100.9151694,135.7740239
8/1/2010,4.690626631,0.355733906,12.96193531,24.12566489,92.0615799,92.12392342,90.48038646,1,62.99588731,75.61548795,107.400901,139.7974042
9/1/2010,4.620483156,0.383367135,12.69968064,22.72205148,92.43070431,92.1208592,90.7224578,1,63.30684341,75.86179112,114.17771,145.9447468
10/1/2010,4.39830976,0.377644409,12.40401586,18.97072834,92.474362,92.09268458,90.87139642,1,64.83774231,76.20983711,120.486891,156.0133476
11/1/2010,4.214519755,0.337440844,12.1795667,20.91363536,92.58396189,92.40188162,91.20807853,1,65.41658908,76.48127576,124.2168489,160.4874015
12/1/2010,4.484300205,0.318265801,12.24182776,18.80357134,93.25309674,92.71684758,91.79565654,1,65.17614296,76.68287287,129.7647696,170.2072953
1/1/2011,4.3597678,0.33710351,12.04819047,18.62107875,93.39195802,93.11964095,92.22530558,1,65.48325038,76.90034107,132.9291447,174.1681031
2/1/2011,4.256087094,0.348242802,11.9409101,19.36923849,93.64884531,93.11012906,92.78793067,1,65.45410282,77.0995258,136.5254509,179.7722373
3/1/2011,4.317972608,0.182233221,12.01519851,19.21254933,94.07820984,93.18200525,93.30812259,1,64.92812985,77.20024649,134.7388691,184.243059
4/1/2011,4.410705468,0.371536109,11.99944376,17.09027493,93.48851199,93.96923727,93.78051307,0,66.20258263,77.47867751,135.6181283,187.2994036
5/1/2011,4.472758739,0.166813732,11.83528132,16.37465881,94.51133559,94.08985783,93.93235726,1,65.22624435,77.52349519,135.7383462,183.8017609
6/1/2011,4.409103858,0.297346738,11.92364374,17.2884361,95.04738865,94.32922603,94.35239405,1,64.39709651,77.62208804,134.4143323,183.3393631
7/1/2011,4.298523946,0.414959773,11.76823026,26.12460943,95.52249526,94.79924491,94.95555322,1,65.85367945,77.98174326,134.6704582,186.6751776
8/1/2011,4.273016435,0.311563028,12.38473674,28.53232654,96.04633187,94.00000683,95.30028687,1,65.76211107,78.12808396,133.052161,181.6454819
9/1/2011,4.302713261,0.235315011,12.99127377,40.80970218,96.18745586,95.20669807,95.87241541,1,64.76202355,78.15887251,130.5197753,181.9747826
10/1/2011,4.394488007,0.453419667,13.44493274,25.63070848,96.23261956,95.85973214,96.50011568,1,65.37712231,78.45178799,125.8982333,178.2671344
11/1/2011,4.339954257,0.424798453,13.53674321,26.82155275,97.15236249,96.3585818,97.10939624,1,65.95922164,78.79551564,125.8086351,180.2682713
12/1/2011,4.419862281,0.335964992,13.58504607,23.18989459,96.78208683,96.90790296,97.82052664,1,67.562166,79.30111816,122.2784121,176.7934081
1/1/2012,4.391684521,0.414503424,13.3517445,18.94278818,97.34760105,96.97387869,98.18196712,1,70.34262046,79.80249954,122.1480718,177.2910391
2/1/2012,4.362688044,0.362017025,12.66929721,19.19512297,97.55714642,96.9230105,98.25667064,1,69.01334731,79.86441153,124.6054846,181.8224476
3/1/2012,4.417847352,0.093567435,12.78165696,16.84728146,97.88305995,97.99424471,98.584194,1,68.07772471,79.8741782,126.1123847,185.1681412
4/1/2012,4.343831417,0.260885058,13.4144146,19.16807662,98.37498524,97.46783814,98.70750277,1,66.85610236,79.90950728,123.5494197,176.5789913
5/1/2012,4.401221314,0.33895732,13.92775203,25.62561107,97.73648458,98.06517697,99.03634572,1,68.84200414,80.37710984,119.2227487,170.3455794
6/1/2012,4.455025886,0.531834595,14.0348118,18.18913057,98.59232975,98.28390016,99.45857116,1,71.5139664,80.9187197,115.4985478,160.436284
7/1/2012,4.424864443,0.452657019,13.46960858,18.95456697,99.20472299,98.6153575,99.37477674,1,73.25753097,81.38773449,123.2132714,165.6510414
8/1/2012,4.377158278,0.326300666,13.30141949,16.16101913,98.66867401,99.16140156,99.42449604,1,73.40756734,81.63329651,123.7705499,170.7694771
9/1/2012,4.298451228,0.307137379,12.85672307,14.7155479,98.93985813,98.3002851,99.74031296,1,75.23110155,81.9314919,125.4486838,173.462168
10/1/2012,4.394506352,0.323960015,12.88728624,17.00300213,98.96364996,99.27713815,99.72015956,1,75.58687782,82.17911413,123.9231855,173.3960501
11/1/2012,4.442244111,0.302102768,12.93377926,15.51549274,100.4274316,100.0346979,99.96752956,1,74.54365739,82.150725,123.0575589,171.5911844
12/1/2012,4.209514198,0.416352851,12.68978933,16.83997502,99.51163616,99.30123649,99.90128015,1,73.75632871,82.12702843,123.0303926,173.3256717
1/1/2013,4.256600624,0.373429445,12.59459184,13.41061652,99.51548142,99.54101824,100.0309645,1,74.11671619,82.32973196,124.0119058,174.6579449
2/1/2013,4.168611412,0.380823179,12.59255628,16.46039529,99.55128113,99.5563585,100.2945963,1,74.28532131,82.62103957,122.9101215,175.1232832
3/1/2013,3.974635297,0.411442961,12.52807836,14.81397923,99.60774468,101.3165153,100.4950953,1,77.70030443,83.19555997,123.0513744,169.5274004
4/1/2013,3.858553936,0.42024496,12.5144999,14.71178593,99.19205548,100.1915963,100.370032,0,78.78722689,83.44516407,122.0883689,165.2275836
5/1/2013,3.73352855,0.400613295,12.54716008,17.64606528,99.74415527,100.0466569,100.3370526,0,79.31259654,83.70174093,121.942048,165.690441
6/1/2013,3.811567991,0.218619774,13.04566853,17.55468073,99.55569709,100.0824224,100.6745458,0,77.76595195,83.67437309,120.214319,163.2313812
7/1/2013,3.887204343,0.053922153,12.36325639,13.43971927,99.60195385,100.1455642,100.4573231,0,76.42931777,83.5850942,118.4964794,164.9032516
8/1/2013,3.943481753,0.311699393,13.0245512,15.70513959,100.2984347,99.63400483,100.4625972,0,77.17347918,83.79233038,116.6222314,168.2836897
9/1/2013,3.711512454,0.291938216,13.03998846,15.10321108,100.435329,100.2883938,100.8470358,0,76.95196893,83.95813058,116.6829118,167.4967671
10/1/2013,3.527103788,0.221737721,13.06599589,13.12133218,100.6897732,100.0958629,100.8978843,0,76.82512681,84.11788971,118.3069975,166.688189
11/1/2013,3.473941477,0.360569218,12.98524868,14.03361462,100.6583741,100.1185116,101.2058189,0,78.61842654,84.5022971,118.2011714,165.6109296
12/1/2013,3.419406395,0.215255709,12.81434688,13.0086401,101.1889175,100.9584532,101.5617527,0,78.65599771,84.76724762,118.5364728,170.9021376
1/1/2014,3.387168382,0.863783567,13.06093976,16.89208069,100.2597883,101.1282134,101.9875618,0,78.66063964,85.26816556,117.3915927,166.1282437
2/1/2014,3.369945377,0.245406825,13.12616419,14.4626426,101.6309228,101.3751396,102.5579238,0,78.59875229,85.34469735,118.6429414,169.0133563
3/1/2014,3.254720997,0.260944277,13.16730142,14.72938897,101.6557842,101.2911972,102.675442,0,78.78247487,85.47543933,122.3610994,170.0448351
4/1/2014,3.330659681,0.288280178,13.10659467,15.1640042,102.3290358,101.8787895,102.780463,0,78.09804283,85.65928924,120.9594921,166.8386806
5/1/2014,3.419036509,0.350512807,13.13615977,12.19423447,102.7597123,100.7405692,103.1124183,1,79.79070513,85.98648719,120.6824134,166.6056261
6/1/2014,3.060294741,0.324948884,13.05905766,11.4326603,102.5399819,102.2920108,102.8442919,1,80.28966354,86.26313357,118.0335164,167.0819492
7/1/2014,2.890809385,0.258236006,13.12336246,17.89690354,102.9628877,102.4102023,103.2587621,1,80.85588056,86.53526412,116.5592602,163.2544121
8/1/2014,2.931704486,0.29518189,13.2677549,12.10468801,102.7335719,103.122147,103.5636383,1,81.78673352,86.85548754,113.3664064,158.9243103
9/1/2014,2.884793006,0.304312764,13.22182838,14.9813504,102.6200491,103.6021227,103.7434342,0,82.70455549,87.1366552,109.6505871,153.4337988
10/1/2014,3.016148034,0.292430179,13.1201205,13.60922729,103.8304531,103.2558077,103.8113388,0,83.37093969,87.36065071,108.8069705,146.5085361
11/1/2014,2.925232084,0.314586831,13.52012506,14.07402841,104.0673473,103.6574125,103.9231209,0,84.14459485,87.6695798,107.9049763,140.5647392
12/1/2014,2.927676802,0.28050432,14.28996263,17.91819729,104.0973307,103.3597402,104.7976436,0,85.45953526,88.02981716,105.6188784,128.8351085
1/1/2015,2.898226362,-0.050112349,14.44350309,18.37196741,104.106069,103.1541246,104.6603993,0,85.25604451,87.85558467,102.0307746,114.1760745
2/1/2015,2.916029198,0.201309151,14.72884076,13.21788236,104.4608971,104.5738935,104.8157611,0,85.41867354,87.98069405,98.91440803,117.1634858
3/1/2015,3.076523951,0.264662692,15.21416751,16.24535729,104.5764796,104.9008544,105.464519,0,85.42011127,88.13884665,95.83537748,114.8106186
4/1/2015,3.046132996,0.226836154,15.57161936,15.22545189,106.1498189,104.8397249,105.6724696,0,86.08728291,88.36957033,94.54111091,113.0326425
5/1/2015,3.084881488,0.225987073,15.44954823,15.71247717,105.1596371,104.7676003,105.6774841,0,85.72900836,88.47674087,94.32334871,116.7646957
6/1/2015,3.097687255,0.32654177,15.58973202,17.7779334,105.5843989,105.1356505,106.0752423,0,86.3489413,88.76011719,93.30498581,114.615246
7/1/2015,3.119298275,0.18849744,15.94115238,13.37909017,106.4677826,105.2522249,106.5732543,0,86.38443573,88.96904192,93.83468581,108.3224319
8/1/2015,3.401193556,0.23473905,16.50444801,27.42853567,106.6444129,107.0748735,106.8837324,0,85.7224283,89.09404922,89.6131385,102.3167744
9/1/2015,3.365255249,0.280892639,16.91506348,24.41933788,107.676598,105.9342088,107.2897944,0,85.94743727,89.36142442,89.23414969,101.335101
10/1/2015,3.215706888,0.297262758,16.7314076,14.13516277,106.7480471,106.2198489,107.3566339,0,86.61142711,89.64321652,89.93065113,102.424465
11/1/2015,3.230414697,0.160079057,16.51060849,16.57677866,106.2993452,107.2661903,107.6166438,0,86.37152158,89.74529365,87.59016127,96.81367957
12/1/2015,3.287585306,0.326750535,16.71715776,17.51107927,106.4976816,107.4755227,108.0076813,0,86.9157438,90.07150514,87.53809617,92.55428357
1/1/2016,3.2849987,0.227858694,17.74204785,18.7638357,107.0394102,108.6016206,108.7567348,0,89.70254442,90.45640712,85.82667024,85.04039607
2/1/2016,3.498878056,0.438594728,18.26472355,18.05287515,107.4835123,107.4910198,109.6067985,0,92.56541433,90.91476222,86.4071852,86.97265356
3/1/2016,3.847491272,0.163037122,17.66983622,14.19586229,107.2378954,106.7818438,109.8329126,0,90.96182756,90.95977562,87.73147422,93.98712681
4/1/2016,3.781983928,0.192265908,17.86194477,16.8380346,107.3547932,106.9844563,110.2781434,1,90.0623153,91.05014834,89.28669978,97.01760292
5/1/2016,3.92724942,0.192742111,18.30633472,15.56646751,107.6287529,107.6567778,111.0230538,1,90.07673066,91.28984883,89.85771346,99.55639094
6/1/2016,4.108720153,0.278725511,18.84720039,15.35386002,108.2620141,108.2018025,111.9636517,1,89.63952891,91.48085207,92.61431386,102.859763
7/1/2016,4.381901095,0.346605338,18.97056984,13.67879561,108.2164803,107.8995746,112.5954776,1,88.73089499,91.57611635,92.99993598,101.9427107
8/1/2016,4.426153867,0.333746845,18.76436969,13.43320806,108.2324766,107.9632023,113.0371849,1,88.06905026,91.70683319,95.22083146,103.6301961
9/1/2016,4.535235704,0.420813523,19.31148546,13.138972,108.9469195,108.2675745,114.3562067,1,90.57461332,92.3475447,96.31760841,102.6856743
10/1/2016,4.993249094,0.371335475,19.07733381,15.63504993,109.3484826,108.9929915,114.6515228,1,91.16214332,92.64208585,95.67498811,107.3056158
11/1/2016,5.495551527,0.310785602,19.95012718,14.5140483,109.645398,108.9384035,116.0018804,1,91.17201338,92.93744926,95.72943737,105.9355012
12/1/2016,5.839841073,0.315260785,20.05838494,13.60570773,110.3659522,108.8855557,116.8408469,1,90.68671172,93.22759192,95.62537965,113.3156466
1/1/2017,6.208961385,1.548271277,21.05990272,10.84470861,110.4636879,109.6715163,118.7741452,1,90.14657274,93.56875604,98.42364798,114.6418344
2/1/2017,6.299216903,0.49543202,20.06078539,11.88761556,109.8763602,110.1456432,119.3191542,1,90.65354206,94.10221109,98.10184819,115.8814859
3/1/2017,6.453600563,0.48509307,19.32790228,12.17289371,110.386151,110.4393327,119.6526661,1,92.0633235,94.69846581,96.50159775,112.8196064
4/1/2017,6.59717597,0.391178816,19.17615182,11.4596064,110.5211806,111.2164375,119.4620771,1,94.15623484,95.33826926,95.37274891,110.1065446
5/1/2017,6.797379199,0.426171951,18.83084712,11.16334405,109.6234442,111.2959464,119.7418319,1,95.82543707,95.8347141,96.84384551,107.990957
6/1/2017,7.003556514,0.36318139,18.3154011,11.222133,110.9251994,110.5233789,119.5170297,0,97.05047439,96.27088039,96.94796484,105.3146552
7/1/2017,7.07825794,0.257179847,18.19631162,11.0232738,109.9271709,111.0156268,119.4704235,0,99.03419633,96.78357792,100.4310786,107.7001847
8/1/2017,7.232207097,0.436613054,18.04451143,11.06069881,110.9880724,111.1975812,119.6850126,0,100.0577929,97.18334506,99.26172365,111.8715221
9/1/2017,7.203411325,0.354973519,17.9232119,9.681323285,109.5461696,110.1333497,119.8959329,0,100.0138094,97.38592951,100.2102131,113.7030198
10/1/2017,7.29403433,0.368565832,18.9531035,9.679958859,111.126848,111.5419993,120.798115,0,98.58744642,97.44670003,99.01222059,116.4338854
11/1/2017,7.142460983,0.504060884,18.66985114,11.65745089,111.784133,110.5318742,121.8877524,0,99.14736287,97.91532835,98.92128481,120.8085262
12/1/2017,7.246861366,0.237232381,18.71046465,11.54500153,113.1439663,111.5905377,122.3867157,0,99.96003826,98.30618871,96.89745931,123.1491817
1/1/2018,7.265664557,0.461231933,18.71159168,12.1744753,111.8298252,110.0762104,123.340331,0,100.1570689,98.52643698,96.84315885,126.3034354
2/1/2018,7.454617371,0.390211188,18.50078623,17.71381824,112.3077078,111.6465007,123.8599068,0,99.50888737,98.74574229,97.24811571,125.2343359
3/1/2018,7.542617892,0.318720146,18.59625038,18.7848025,113.197091,112.6344531,124.5636302,0,99.48050028,98.96652261,99.13350286,126.8285865
4/1/2018,7.603203744,0.123090868,18.76083785,16.32112261,112.8020187,114.161685,124.6573063,0,99.15887234,99.0698233,98.82273844,128.8713151
5/1/2018,7.73688173,0.327205117,19.65819253,16.81944813,112.8521562,112.6991263,126.1097952,0,98.423261,99.26129692,98.3319696,132.4218767
6/1/2018,7.850301661,0.383382,20.50629156,16.32957196,112.8832568,112.9143351,127.2287152,0,98.94921649,99.55548885,96.35744585,131.7946857
7/1/2018,7.914118214,0.408521508,19.39467589,14.30132724,113.1940439,113.9551819,126.8421042,1,100.3373025,100.0030934,95.48742781,129.4454638
8/1/2018,8.027823994,0.503630761,18.37296972,13.48767079,113.6530885,113.573328,127.0429299,1,101.2193545,100.3943664,96.17385606,128.5884613
9/1/2018,8.068811738,0.344226313,19.14062712,12.26973423,113.3921228,113.4922572,127.7533475,1,101.1608937,100.6636194,94.80781669,131.3842562
10/1/2018,8.08448858,0.347159736,19.27195722,20.43426101,113.1759748,113.5051862,128.0990392,1,100.8366346,100.9393707,93.67863807,134.0608449
11/1/2018,8.22717802,0.302632833,19.99539276,19.1864817,113.1553512,113.831,129.4443914,1,103.8126459,101.6122113,92.0707283,121.5779644
12/1/2018,8.205788804,0.400113196,19.7093116,25.53847362,112.5588641,114.3548555,129.8601792,1,107.4803097,102.3435791,92.64368564,116.1609491
1/1/2019,8.071189609,0.224414754,19.10609471,15.13505557,113.3495757,114.0812978,129.514904,1,107.9378706,102.5472568,92.90616909,114.654889
2/1/2019,7.969511873,0.022630456,19.11644264,12.72557669,113.193863,113.7580396,129.6921203,1,104.329046,102.4119567,92.8694349,117.4501251
3/1/2019,7.999652181,0.310035278,19.16663562,13.4171511,112.3672977,113.6968492,129.8847125,1,103.3440592,102.5437058,92.87488059,121.3734242
4/1/2019,8.037910564,0.366783236,19.35013245,13.25812769,112.5749372,113.0378045,130.271858,1,103.996945,103.0419183,93.7346843,122.5397267
5/1/2019,8.246928395,0.313913708,19.16483375,20.43770372,111.9942844,113.8571139,130.3590381,1,104.2836985,103.265607,94.06843008,120.0616183
6/1/2019,8.269354326,0.213703742,19.39545702,15.50528148,112.4870134,113.8187102,130.7575765,1,104.8775645,103.6363954,95.27216521,114.9819041
7/1/2019,8.20614518,0.329970693,19.33771852,17.58234247,112.503587,112.8530648,131.0623194,0,106.4554714,104.0806536,95.67800062,117.042775
8/1/2019,8.13885755,0.193832578,19.84704425,19.68850198,113.2422757,112.9860231,130.5210753,0,103.9019666,104.0251514,94.63057893,112.7700866
9/1/2019,7.862442948,0.288165333,19.69351933,15.67214314,113.3437919,112.4153983,131.1465212,0,103.9939714,104.3229994,94.29237605,113.5634774
10/1/2019,7.724649091,0.344475352,19.33772565,13.35225815,112.7820655,112.9222313,130.8539654,0,104.4057507,104.6740107,95.79802842,113.6844942
11/1/2019,7.44419785,0.387253217,19.09316179,13.54130246,112.2242463,113.0521958,131.0609661,0,106.0342452,105.1435474,98.35397342,116.8185564
12/1/2019,7.225023556,0.463792754,18.77114744,14.62675681,112.1201059,113.8689274,131.3701841,0,107.8164892,105.5784372,101.303155,119.0888853
1/1/2020,6.987400306,0.423437411,18.87300151,16.96505366,113.3993468,114.0565045,131.1030121,0,109.8279316,106.0933431,101.7478124,116.6050383
2/1/2020,6.783622854,0.243371566,18.82287654,32.45264158,111.7993009,113.3842544,131.5678947,0,112.5383073,106.6943275,97.83467271,109.224688
3/1/2020,6.766342203,0.215221734,22.35027793,50.70732268,109.7047925,112.6601434,134.4195255,0,113.9100726,107.0657475,94.65062145,94.5297556
4/1/2020,6.083179445,-0.529008037,24.69596638,34.75689707,90.38750557,112.498424,137.0505113,0,112.9302165,107.2899102,92.44653356,84.89719708
5/1/2020,5.426406379,0.832739178,23.54233651,30.86842209,87.43738433,113.9546508,136.6945669,0,114.442112,107.787899,90.98524641,92.43449525
6/1/2020,5.090643238,0.460554994,22.44156362,30.70208953,96.10022515,112.3781483,136.0900144,0,112.6910056,107.9437015,93.44699474,100.0336172
7/1/2020,4.756491426,0.515754278,22.71033219,26.90467277,101.5834822,109.7837052,137.0494525,0,112.0844423,108.2634282,94.55228604,102.2876951
8/1/2020,4.572382353,0.453962658,22.36012632,26.57800136,104.1239886,76.00969203,137.3897398,0,112.2286104,108.6356409,96.86849703,109.1798477
9/1/2020,4.506561897,0.289844043,21.78980388,26.41488753,106.5998263,81.20051269,137.115387,0,112.1484331,108.964187,99.28336247,107.4907785
10/1/2020,4.32895023,0.400887175,21.2795776,39.09452582,107.5256285,97.29280268,137.3448423,0,114.2308074,109.5431859,101.9840522,112.0315938
11/1/2020,4.270531068,-0.142512039,20.22644776,21.53379846,108.0931929,99.02391785,137.2464958,0,113.8095813,109.4626869,105.1437707,115.7820366
12/1/2020,4.249507905,0.420483039,19.75809455,24.60360643,108.2152299,101.3944864,137.4173489,0,112.4146795,109.6445042,108.7934784,124.8898487
1/1/2021,4.096146104,0.550147614,20.09313604,29.89922772,107.9156818,104.3476627,138.3784299,0,112.9879972,110.0234538,112.6884107,135.2580891
2/1/2021,4.021428685,0.55450624,20.34196484,23.57747817,107.0341155,105.4201466,139.4693539,0,113.3381968,110.3933304,114.5773953,137.5060088
3/1/2021,4.013883194,0.531877619,20.56256711,18.21583497,110.7563754,106.4717928,140.9898258,0,114.7784766,111.0272468,118.4018113,142.9428328
4/1/2021,4.125648491,0.487630235,20.28460636,19.1255827,109.4276217,107.0422105,141.508149,0,117.681468,111.7353002,121.7157794,144.8475336
5/1/2021,4.198787994,0.495238867,20.06817554,17.37370035,109.9882987,107.2784747,142.5539743,0,119.8603612,112.5459532,127.9215859,156.881192
6/1/2021,4.162735568,0.546879543,20.08244582,17.17510897,108.9272504,107.064109,143.5327459,1,120.3780585,113.1875949,125.6995614,160.5466009
7/1/2021,4.668080013,0.41886542,20.18470736,19.34653979,109.4590812,110.3590644,144.2511909,1,120.5824773,113.7111112,125.1754811,163.4969697
8/1/2021,4.9374875,0.335794795,19.81565802,17.40052169,108.3116443,108.6130297,144.971357,1,122.2042405,114.3658574,129.4499351,163.0728095
9/1/2021,4.985519971,0.519335559,20.06504687,21.8839891,108.1289739,109.7670391,145.611977,1,123.4663367,115.0121376,130.9336371,169.7163925
10/1/2021,5.339568798,0.505835036,20.44803252,17.89398161,107.9269788,109.057017,147.0230361,1,124.2757621,115.7330342,133.9745775,192.064355
11/1/2021,5.427493898,0.460454262,20.78433218,28.49342231,108.6853415,109.9012578,148.2492784,1,130.299527,116.8714233,134.7628477,185.0268676
12/1/2021,5.571477024,0.456447187,20.74423438,18.63555202,109.5437839,108.9797809,149.56721,1,130.4022414,117.508455,133.9219479,186.239638
1/1/2022,5.813289762,0.461104333,20.68679604,20.51607802,110.0279365,,150.1538591,1,130.5065566,118.0934794,134.7481119,191.092895
2/1/2022,,,,22.99487214,110.0235677,,151.5428676,1,131.7272639,118.962006,139.006205,203.9347014
3/1/2022,,,,,110.4527043,,153.0755056,1,133.4416119,119.840299,158.6100335,242.7960017
4/1/2022,,,,,111.6398311,,154.0694812,1,134.6266593,120.7987192,157.6758046,227.1890363
5/1/2022,,,,,,,155.1215347,1,135.6167105,121.5790498,157.693423,228.5885784
6/1/2022,,,,,,,156.0830132,1,138.3376984,122.7417538,155.3081875,231.233362
7/1/2022,,,,,,,156.9071443,1,139.7357471,123.6088242,141.0187262,227.2550783
8/1/2022,,,,,,,157.198813,1,140.3453859,124.559868,139.209679,241.0318629
9/1/2022,,,,,,,157.3220612,1,141.7743484,125.4927169,137.7458412,217.0058065
10/1/2022,,,,,,,157.3173982,1,141.9326944,126.3403949,136.0483857,191.1135126
11/1/2022,,,,,,,157.2404231,1,142.0454961,126.9051137,134.2190013,194.5986668
12/1/2022,,,,,,,157.6345766,1,142.8924644,127.5129668,132.1805756,194.2432646
1/1/2023,,,,,,,158.3670494,1,143.5588233,128.3140559,129.7150536,182.675824
2/1/2023,,,,,,,158.3786202,1,144.0393075,128.9806556,128.0544176,175.7859947
3/1/2023,,,,,,,158.8685361,1,143.1699693,129.394964,126.1257764,170.170393
4/1/2023,,,,,,,158.8726704,1,142.9311601,129.8152534,126.936757,169.6733554
5/1/2023,,,,,,,158.7179024,1,142.5033148,130.1934425,123.7042012,158.4043208
6/1/2023,,,,,,,158.510506,1,142.3545017,130.5486078,123.1259502,153.7470653
7/1/2023,,,,,,,158.7378694,1,143.9942826,131.2373137,124.3976657,156.4542567
8/1/2023,,,,,,,159.1380789,1,145.7728599,131.7726984,122.8891941,160.3930988
9/1/2023,,,,,,,159.3531036,,146.1403153,132.2582726,122.617818,165.7938166
10/1/2023,,,,,,,,,144.143344,132.6098383,121.1893874,166.9767212
